<?xml version="1.0" encoding="utf-8" ?><wfs:FeatureCollection xmlns:xs="http://www.w3.org/2001/XMLSchema" xmlns:wfs="http://www.opengis.net/wfs" xmlns:gml="http://www.opengis.net/gml" xmlns:Decretos="https://mapas.conder.ba.gov.br/arcgis/services/Decretos/MapServer/WFSServer" xmlns:xlink="http://www.w3.org/1999/xlink" xmlns:xsi="http://www.w3.org/2001/XMLSchema-instance" timeStamp="2025-06-16T19:18:37Z" numberOfFeatures="2" xsi:schemaLocation="http://www.opengis.net/wfs http://schemas.opengis.net/wfs/1.1.0/wfs.xsd http://www.opengis.net/gml http://schemas.opengis.net/gml/3.1.1/base/gml.xsd https://mapas.conder.ba.gov.br/arcgis/services/Decretos/MapServer/WFSServer https://mapas.conder.ba.gov.br/arcgis/services/Decretos/Decretos/MapServer/WFSServer?service=wfs%26version=1.1.0%26request=DescribeFeatureType"><gml:boundedBy><gml:Envelope srsName="urn:ogc:def:crs:EPSG::4326"><gml:lowerCorner>0.00000000 0.00000000</gml:lowerCorner><gml:upperCorner>0.00000000 0.00000000</gml:upperCorner></gml:Envelope></gml:boundedBy><gml:featureMember><Decretos:Decretos_da_Bahia gml:id="Decretos_da_Bahia.247752"><Decretos:OBJECTID>247752</Decretos:OBJECTID><Decretos:SHAPE><gml:MultiSurface><gml:surfaceMember><gml:Polygon><gml:exterior><gml:LinearRing><gml:posList>-13.61611744 -44.46438259 -13.61648232 -44.46368685 -13.61652823 -44.46363590 -13.61767132 -44.46422498 -13.61729277 -44.46500025 -13.61611744 -44.46438259</gml:posList></gml:LinearRing></gml:exterior></gml:Polygon></gml:surfaceMember></gml:MultiSurface></Decretos:SHAPE><Decretos:N__do_Decreto>21869</Decretos:N__do_Decreto><Decretos:Data>2023-01-16T00:00:00</Decretos:Data><Decretos:Descricao>Fica declarada de utilidade pública, para fins de desapropriação, a área de terra medindo 13.434,90m², com as acessões e benfeitorias nela existentes, pertencente a quem de direito, situada no Loteamento Alto Paraíso</Decretos:Descricao><Decretos:Municipio>Jaborandi</Decretos:Municipio><Decretos:Observacao>Altera o Decreto nº 21.527, de 26 de julho de 2022, processo SEI nº 011.5543.2022.0055015-31</Decretos:Observacao><Decretos:Instituicao>SEC</Decretos:Instituicao><Decretos:Inst_Extenso>Secretaria da Educação</Decretos:Inst_Extenso><Decretos:SRO>Sem Sistema de Referencia</Decretos:SRO><Decretos:Identificacao>Desapropriacao</Decretos:Identificacao><Decretos:Ano_do_Decreto>2023</Decretos:Ano_do_Decreto></Decretos:Decretos_da_Bahia></gml:featureMember><gml:featureMember><Decretos:Decretos_da_Bahia gml:id="Decretos_da_Bahia.247753"><Decretos:OBJECTID>247753</Decretos:OBJECTID><Decretos:SHAPE><gml:MultiSurface><gml:surfaceMember><gml:Polygon><gml:exterior><gml:LinearRing><gml:posList>-14.78219627 -42.80999338 -14.78230458 -42.80999963 -14.78229849 -42.81011085 -14.78219019 -42.81010460 -14.78219627 -42.80999338</gml:posList></gml:LinearRing></gml:exterior></gml:Polygon></gml:surfaceMember></gml:MultiSurface></Decretos:SHAPE><Decretos:N__do_Decreto>21874</Decretos:N__do_Decreto><Decretos:Data>2023-01-16T00:00:00</Decretos:Data><Decretos:Descricao>Fica declarada de utilidade pública, para fins de desapropriação, a área de terra medindo 144,00m², com as acessões e benfeitorias nela existentes, pertencente a quem de direito, situada na localidade de Núcleo Habitacional I</Decretos:Descricao><Decretos:Municipio>Urandi</Decretos:Municipio><Decretos:Observacao>Declara de utilidade pública, para fins de desapropriação, a área de terra que indica</Decretos:Observacao><Decretos:Instituicao>CERB</Decretos:Instituicao><Decretos:Inst_Extenso>Companhia de Engenharia Hídrica e de Saneamento da Bahia</Decretos:Inst_Extenso><Decretos:SRO>SIRGAS 2000</Decretos:SRO><Decretos:Identificacao>Desapropriacao</Decretos:Identificacao><Decretos:Ano_do_Decreto>2023</Decretos:Ano_do_Decreto></Decretos:Decretos_da_Bahia></gml:featureMember></wfs:FeatureCollection>